-- ============================================================
-- 008_seed_data.sql
-- Regenerated squash — Batch 8: seed/initial data
-- Idempotent (on conflict do nothing)
-- ============================================================

-- 15 row(s) for public.setting_catalog
insert into public.setting_catalog ("key", "scope", "domain", "value_type", "cache_scope", "description", "is_read_only", "default_value_json", "validator_schema_key", "editable_by_org_admin", "editable_by_platform_admin") values ('invitations.staff_ttl_hours', 'platform', 'security', 'integer', 'platform', '직원 초대 링크 만료 시간(시간)', false, '168'::jsonb, 'positive_integer', false, true) on conflict (key) do nothing;
insert into public.setting_catalog ("key", "scope", "domain", "value_type", "cache_scope", "description", "is_read_only", "default_value_json", "validator_schema_key", "editable_by_org_admin", "editable_by_platform_admin") values ('invitations.client_ttl_hours', 'platform', 'security', 'integer', 'platform', '의뢰인 초대 링크 만료 시간(시간)', false, '336'::jsonb, 'positive_integer', false, true) on conflict (key) do nothing;
insert into public.setting_catalog ("key", "scope", "domain", "value_type", "cache_scope", "description", "is_read_only", "default_value_json", "validator_schema_key", "editable_by_org_admin", "editable_by_platform_admin") values ('onboarding.trial_days', 'platform', 'security', 'integer', 'platform', 'Trial 조직 기본 사용일', false, '14'::jsonb, 'positive_integer', false, true) on conflict (key) do nothing;
insert into public.setting_catalog ("key", "scope", "domain", "value_type", "cache_scope", "description", "is_read_only", "default_value_json", "validator_schema_key", "editable_by_org_admin", "editable_by_platform_admin") values ('uploads.max_file_mb', 'platform', 'infrastructure', 'integer', 'platform', '단일 파일 최대 업로드 용량(MB)', false, '50'::jsonb, 'positive_integer', false, true) on conflict (key) do nothing;
insert into public.setting_catalog ("key", "scope", "domain", "value_type", "cache_scope", "description", "is_read_only", "default_value_json", "validator_schema_key", "editable_by_org_admin", "editable_by_platform_admin") values ('uploads.allowed_mime_types', 'platform', 'infrastructure', 'string_array', 'platform', '허용 MIME 타입 목록', false, '["application/pdf","image/jpeg","image/png"]'::jsonb, 'mime_array', false, true) on conflict (key) do nothing;
insert into public.setting_catalog ("key", "scope", "domain", "value_type", "cache_scope", "description", "is_read_only", "default_value_json", "validator_schema_key", "editable_by_org_admin", "editable_by_platform_admin") values ('exports.max_rows', 'platform', 'infrastructure', 'integer', 'platform', '내보내기 최대 행 수', false, '10000'::jsonb, 'positive_integer', false, true) on conflict (key) do nothing;
insert into public.setting_catalog ("key", "scope", "domain", "value_type", "cache_scope", "description", "is_read_only", "default_value_json", "validator_schema_key", "editable_by_org_admin", "editable_by_platform_admin") values ('exports.enabled_formats', 'platform', 'infrastructure', 'string_array', 'platform', '내보내기 허용 형식', false, '["xlsx","pdf","docx"]'::jsonb, 'string_array', false, true) on conflict (key) do nothing;
insert into public.setting_catalog ("key", "scope", "domain", "value_type", "cache_scope", "description", "is_read_only", "default_value_json", "validator_schema_key", "editable_by_org_admin", "editable_by_platform_admin") values ('billing.default_due_days', 'both', 'billing', 'integer', 'organization', '청구서 기본 납기일(일)', false, '14'::jsonb, 'positive_integer', true, true) on conflict (key) do nothing;
insert into public.setting_catalog ("key", "scope", "domain", "value_type", "cache_scope", "description", "is_read_only", "default_value_json", "validator_schema_key", "editable_by_org_admin", "editable_by_platform_admin") values ('billing.default_currency', 'platform', 'billing', 'string', 'platform', '기본 화폐 코드', false, '"KRW"'::jsonb, 'currency_code', false, true) on conflict (key) do nothing;
insert into public.setting_catalog ("key", "scope", "domain", "value_type", "cache_scope", "description", "is_read_only", "default_value_json", "validator_schema_key", "editable_by_org_admin", "editable_by_platform_admin") values ('collection.default_success_fee_rate', 'both', 'collection', 'decimal', 'organization', '추심 성공보수 기본 제안 요율(실제 계약값 아님)', false, '20'::jsonb, 'percentage', true, true) on conflict (key) do nothing;
insert into public.setting_catalog ("key", "scope", "domain", "value_type", "cache_scope", "description", "is_read_only", "default_value_json", "validator_schema_key", "editable_by_org_admin", "editable_by_platform_admin") values ('portal.auto_reply_enabled', 'both', 'portal', 'boolean', 'organization', '의뢰인 포털 자동응답 활성화 여부', false, 'true'::jsonb, 'boolean', true, true) on conflict (key) do nothing;
insert into public.setting_catalog ("key", "scope", "domain", "value_type", "cache_scope", "description", "is_read_only", "default_value_json", "validator_schema_key", "editable_by_org_admin", "editable_by_platform_admin") values ('portal.auto_reply_message', 'both', 'portal', 'string', 'organization', '의뢰인 포털 자동응답 문구', false, '"평일 9시부터 18시 사이에 순차적으로 답변드립니다."'::jsonb, 'string', true, true) on conflict (key) do nothing;
insert into public.setting_catalog ("key", "scope", "domain", "value_type", "cache_scope", "description", "is_read_only", "default_value_json", "validator_schema_key", "editable_by_org_admin", "editable_by_platform_admin") values ('labels.case', 'both', 'labels', 'string', 'organization', '사건 기본 용어', false, '"사건"'::jsonb, 'string', true, true) on conflict (key) do nothing;
insert into public.setting_catalog ("key", "scope", "domain", "value_type", "cache_scope", "description", "is_read_only", "default_value_json", "validator_schema_key", "editable_by_org_admin", "editable_by_platform_admin") values ('labels.client', 'both', 'labels', 'string', 'organization', '의뢰인 기본 용어', false, '"의뢰인"'::jsonb, 'string', true, true) on conflict (key) do nothing;
insert into public.setting_catalog ("key", "scope", "domain", "value_type", "cache_scope", "description", "is_read_only", "default_value_json", "validator_schema_key", "editable_by_org_admin", "editable_by_platform_admin") values ('labels.request', 'both', 'labels', 'string', 'organization', '요청 기본 용어', false, '"요청"'::jsonb, 'string', true, true) on conflict (key) do nothing;

-- 4 row(s) for public.content_resources
insert into public.content_resources ("id", "locale", "status", "namespace", "updated_by", "value_json", "value_text", "resource_key", "organization_id") values ('0a26f338-a5b5-4a6c-9312-69d7ebffb680', 'ko-KR', 'published', 'portal', null, null, '내 사건의 진행 현황, 문서, 요청, 일정, 청구를 한 곳에서 확인하세요.', 'welcome_message', null) on conflict do nothing;
insert into public.content_resources ("id", "locale", "status", "namespace", "updated_by", "value_json", "value_text", "resource_key", "organization_id") values ('445e7277-4f23-4533-a2f2-1d354f57aebf', 'ko-KR', 'published', 'email', null, null, '[{{org_name}}] {{case_name}} 진행 상황을 확인해 주세요.', 'invite.client.subject', null) on conflict do nothing;
insert into public.content_resources ("id", "locale", "status", "namespace", "updated_by", "value_json", "value_text", "resource_key", "organization_id") values ('afae5edc-7252-48b7-a330-161acbd67d8c', 'ko-KR', 'published', 'landing', null, null, '한 사건을 여러 사람이 끊김 없이 함께 풀어가는 협업 시스템', 'hero.title', null) on conflict do nothing;
insert into public.content_resources ("id", "locale", "status", "namespace", "updated_by", "value_json", "value_text", "resource_key", "organization_id") values ('6c703058-0fc2-4a57-9c35-e2fc5a11f0cc', 'ko-KR', 'published', 'landing', null, null, '실무자는 업무 흐름에 맞춰 빠르게 일하고, 의뢰인은 자기 사건의 진행 상황과 필요한 요청을 한눈에 확인할 수 있습니다.', 'hero.subtitle', null) on conflict do nothing;

-- 4 row(s) for public.feature_flags
insert into public.feature_flags ("id", "enabled", "flag_key", "updated_by", "conditions_json", "organization_id", "rollout_percentage") values ('aa88ddc4-cc20-40aa-821c-0a83630ca8fa', true, 'client_portal.enabled', null, '{}'::jsonb, null, 100) on conflict do nothing;
insert into public.feature_flags ("id", "enabled", "flag_key", "updated_by", "conditions_json", "organization_id", "rollout_percentage") values ('eae492df-d2d7-49b6-8a09-8a0de76c6336', true, 'collections.enabled', null, '{}'::jsonb, null, 100) on conflict do nothing;
insert into public.feature_flags ("id", "enabled", "flag_key", "updated_by", "conditions_json", "organization_id", "rollout_percentage") values ('d3d8b9f3-23be-40af-8cb2-b26048933cad', false, 'hwpx_export.enabled', null, '{}'::jsonb, null, 100) on conflict do nothing;
insert into public.feature_flags ("id", "enabled", "flag_key", "updated_by", "conditions_json", "organization_id", "rollout_percentage") values ('10111bf6-b7cf-4874-a8c5-6d7cf26068de', true, 'trial_org_signup.enabled', null, '{}'::jsonb, null, 100) on conflict do nothing;

-- 6 row(s) for public.insolvency_ruleset_constants
insert into public.insolvency_ruleset_constants ("id", "notes", "value_pct", "legal_basis", "region_code", "ruleset_key", "display_name", "effective_to", "value_amount", "effective_from") values ('8c1aa287-f37f-4cf1-9550-cf2626f4b51f', null, null, '주택임대차보호법 시행령', null, 'small_lease_cap_metro_2024', '소액임차보증금 한도 (서울·수도권)', null, 55000000, '2024-02-21') on conflict (ruleset_key, effective_from) do nothing;
insert into public.insolvency_ruleset_constants ("id", "notes", "value_pct", "legal_basis", "region_code", "ruleset_key", "display_name", "effective_to", "value_amount", "effective_from") values ('70d1f235-aade-403c-9e44-080979dc2686', null, null, '주택임대차보호법 시행령', null, 'small_lease_cap_metro_protected_2024', '소액임차 우선변제 한도 (서울·수도권)', null, 18500000, '2024-02-21') on conflict (ruleset_key, effective_from) do nothing;
insert into public.insolvency_ruleset_constants ("id", "notes", "value_pct", "legal_basis", "region_code", "ruleset_key", "display_name", "effective_to", "value_amount", "effective_from") values ('393d7897-8fbd-4a7b-b428-d92709eb06bb', null, null, '주택임대차보호법 시행령', null, 'small_lease_cap_metro_2_2024', '소액임차보증금 한도 (인천·경기)', null, 48000000, '2024-02-21') on conflict (ruleset_key, effective_from) do nothing;
insert into public.insolvency_ruleset_constants ("id", "notes", "value_pct", "legal_basis", "region_code", "ruleset_key", "display_name", "effective_to", "value_amount", "effective_from") values ('4572cca7-c610-40dd-8591-17b143b11df4', null, null, '주택임대차보호법 시행령', null, 'small_lease_cap_metro_2_protected_2024', '소액임차 우선변제 한도 (인천·경기)', null, 16000000, '2024-02-21') on conflict (ruleset_key, effective_from) do nothing;
insert into public.insolvency_ruleset_constants ("id", "notes", "value_pct", "legal_basis", "region_code", "ruleset_key", "display_name", "effective_to", "value_amount", "effective_from") values ('671f5654-0b00-4ce3-9688-584e35a3658b', null, null, '기초생활보장법', null, 'min_living_cost_2024', '최저생계비 (1인 가구 기준)', null, 2228445, '2024-01-01') on conflict (ruleset_key, effective_from) do nothing;
insert into public.insolvency_ruleset_constants ("id", "notes", "value_pct", "legal_basis", "region_code", "ruleset_key", "display_name", "effective_to", "value_amount", "effective_from") values ('226e851f-d892-46be-8623-aa9a2b4cd577', null, 1, '채무자 회생 및 파산에 관한 법률', null, 'rehabilitation_min_payment_pct', '개인회생 최소변제율 (가용소득 비율)', null, null, '2024-01-01') on conflict (ruleset_key, effective_from) do nothing;

-- 3 row(s) for public.case_module_catalog
insert into public.case_module_catalog ("is_system", "module_key", "description", "display_name") values (true, 'collection', '추심 사건에서만 노출되는 회수 운영 모듈', 'Collection') on conflict (module_key) do nothing;
insert into public.case_module_catalog ("is_system", "module_key", "description", "display_name") values (true, 'insolvency', '회생/파산 사건 특화 모듈', 'Insolvency') on conflict (module_key) do nothing;
insert into public.case_module_catalog ("is_system", "module_key", "description", "display_name") values (true, 'settlement', '합의/조정 중심 사건 모듈', 'Settlement') on conflict (module_key) do nothing;

-- 2 row(s) for public.case_type_default_modules
insert into public.case_type_default_modules ("id", "case_type", "module_key") values ('f0d417fe-2efd-447e-8d33-087d46610db6', 'debt_collection', 'collection') on conflict do nothing;
insert into public.case_type_default_modules ("id", "case_type", "module_key") values ('9140d783-4bb9-4b26-9111-2eaaa93b18cc', 'insolvency', 'insolvency') on conflict do nothing;

-- 5 row(s) for public.permission_templates
insert into public.permission_templates ("key", "is_system", "description", "display_name", "actor_category") values ('admin_general', true, '조직 관리자 기본 템플릿', '관리자', 'admin') on conflict (key) do nothing;
insert into public.permission_templates ("key", "is_system", "description", "display_name", "actor_category") values ('lawyer', true, '법률수행 기본 템플릿', '변호사', 'staff') on conflict (key) do nothing;
insert into public.permission_templates ("key", "is_system", "description", "display_name", "actor_category") values ('office_manager', true, '운영/청구/문서 보조 중심', '사무장', 'staff') on conflict (key) do nothing;
insert into public.permission_templates ("key", "is_system", "description", "display_name", "actor_category") values ('collection_agent', true, '회수 운영 중심', '추심직원', 'staff') on conflict (key) do nothing;
insert into public.permission_templates ("key", "is_system", "description", "display_name", "actor_category") values ('intern_readonly', true, '제한된 조회 전용', '인턴/열람전용', 'staff') on conflict (key) do nothing;

-- 120 row(s) for public.permission_template_items
insert into public.permission_template_items ("id", "template_key", "permission_key") values ('30c3345b-9ff2-4e43-8cc8-495b448894c9', 'admin_general', 'team_invite') on conflict (template_key, permission_key) do nothing;
insert into public.permission_template_items ("id", "template_key", "permission_key") values ('7b76eba6-d3ca-4aa7-a66e-66b294a50b88', 'admin_general', 'team_permission_manage') on conflict (template_key, permission_key) do nothing;
insert into public.permission_template_items ("id", "template_key", "permission_key") values ('c9d50b0c-5a11-4d79-8231-baf30bdc2df7', 'admin_general', 'organization_settings_manage') on conflict (template_key, permission_key) do nothing;
insert into public.permission_template_items ("id", "template_key", "permission_key") values ('e04a2a4a-bb99-40c9-9ca6-5abfb14e4fc2', 'admin_general', 'case_create') on conflict (template_key, permission_key) do nothing;
insert into public.permission_template_items ("id", "template_key", "permission_key") values ('f5840069-3120-4962-87b4-e98d2d695a60', 'admin_general', 'case_edit') on conflict (template_key, permission_key) do nothing;
insert into public.permission_template_items ("id", "template_key", "permission_key") values ('9efb70bd-4e83-4b42-9780-565a77d3c6ab', 'admin_general', 'case_delete') on conflict (template_key, permission_key) do nothing;
insert into public.permission_template_items ("id", "template_key", "permission_key") values ('02fbde79-859a-4b8a-822e-ee9a97d79b69', 'admin_general', 'case_assign') on conflict (template_key, permission_key) do nothing;
insert into public.permission_template_items ("id", "template_key", "permission_key") values ('d1ee3fee-68a6-4b16-88f2-00437d66ded1', 'admin_general', 'case_stage_manage') on conflict (template_key, permission_key) do nothing;
insert into public.permission_template_items ("id", "template_key", "permission_key") values ('b60d2996-9ca5-45d5-bb86-101d94f7b45b', 'admin_general', 'document_create') on conflict (template_key, permission_key) do nothing;
insert into public.permission_template_items ("id", "template_key", "permission_key") values ('95be0d2a-0d68-4cc9-ad7f-bd3394db28bf', 'admin_general', 'document_edit') on conflict (template_key, permission_key) do nothing;
insert into public.permission_template_items ("id", "template_key", "permission_key") values ('1d09a3ca-b012-4c3a-8af1-cd23deed6e94', 'admin_general', 'document_approve') on conflict (template_key, permission_key) do nothing;
insert into public.permission_template_items ("id", "template_key", "permission_key") values ('71e20743-75d9-4552-a2d9-a6c1c288b4da', 'admin_general', 'document_share') on conflict (template_key, permission_key) do nothing;
insert into public.permission_template_items ("id", "template_key", "permission_key") values ('1a4fbcc7-6ecd-4a65-a824-3ee0b391018d', 'admin_general', 'document_export') on conflict (template_key, permission_key) do nothing;
insert into public.permission_template_items ("id", "template_key", "permission_key") values ('6f825ceb-d434-434a-a647-1c355fd7dd83', 'admin_general', 'request_create') on conflict (template_key, permission_key) do nothing;
insert into public.permission_template_items ("id", "template_key", "permission_key") values ('588b2715-f22a-443b-924b-4de0f0674bc8', 'admin_general', 'request_manage') on conflict (template_key, permission_key) do nothing;
insert into public.permission_template_items ("id", "template_key", "permission_key") values ('be288a5d-1e89-4cc2-9604-8bee33181c85', 'admin_general', 'request_close') on conflict (template_key, permission_key) do nothing;
insert into public.permission_template_items ("id", "template_key", "permission_key") values ('cd264441-a65a-4028-aea6-4ddafd0511c2', 'admin_general', 'schedule_create') on conflict (template_key, permission_key) do nothing;
insert into public.permission_template_items ("id", "template_key", "permission_key") values ('d5fd4160-6f59-410c-bb41-c54ba9dbe86e', 'admin_general', 'schedule_edit') on conflict (template_key, permission_key) do nothing;
insert into public.permission_template_items ("id", "template_key", "permission_key") values ('2a8cea61-4beb-4b1d-be96-3f0d590243db', 'admin_general', 'schedule_confirm') on conflict (template_key, permission_key) do nothing;
insert into public.permission_template_items ("id", "template_key", "permission_key") values ('eb675a9b-71f4-414d-b14b-ca1ff8a05c6c', 'admin_general', 'calendar_export') on conflict (template_key, permission_key) do nothing;
insert into public.permission_template_items ("id", "template_key", "permission_key") values ('d700f0fe-a661-4a28-a9c2-19801c89945a', 'admin_general', 'billing_view') on conflict (template_key, permission_key) do nothing;
insert into public.permission_template_items ("id", "template_key", "permission_key") values ('5cc092f3-f64f-40aa-81e2-2185b88de730', 'admin_general', 'billing_issue') on conflict (template_key, permission_key) do nothing;
insert into public.permission_template_items ("id", "template_key", "permission_key") values ('ee972013-35f9-4cb5-a33f-443f31b23419', 'admin_general', 'billing_payment_confirm') on conflict (template_key, permission_key) do nothing;
insert into public.permission_template_items ("id", "template_key", "permission_key") values ('e26adde5-4672-4a22-bb72-5f5aa98e2d95', 'admin_general', 'billing_export') on conflict (template_key, permission_key) do nothing;
insert into public.permission_template_items ("id", "template_key", "permission_key") values ('02b5cc90-fb4a-4613-946d-900255773dcb', 'admin_general', 'collection_view') on conflict (template_key, permission_key) do nothing;
insert into public.permission_template_items ("id", "template_key", "permission_key") values ('631977db-4da1-4939-bd86-5926d90ad3f2', 'admin_general', 'collection_contact_manage') on conflict (template_key, permission_key) do nothing;
insert into public.permission_template_items ("id", "template_key", "permission_key") values ('233a442f-a43a-4f58-b84f-947cd402f949', 'admin_general', 'collection_payment_plan_manage') on conflict (template_key, permission_key) do nothing;
insert into public.permission_template_items ("id", "template_key", "permission_key") values ('6c1b7df2-b658-4e05-9c6b-2efb6678052a', 'admin_general', 'collection_payment_confirm') on conflict (template_key, permission_key) do nothing;
insert into public.permission_template_items ("id", "template_key", "permission_key") values ('206400f3-67a6-4e97-96ff-c3303c6182d5', 'admin_general', 'collection_metrics_view') on conflict (template_key, permission_key) do nothing;
insert into public.permission_template_items ("id", "template_key", "permission_key") values ('e23ce49f-b46b-4c7c-ad92-38702ffc20ef', 'admin_general', 'legal_request_create') on conflict (template_key, permission_key) do nothing;
insert into public.permission_template_items ("id", "template_key", "permission_key") values ('b9a31c31-7bcd-4532-b67d-2431fbed7bb7', 'admin_general', 'legal_progress_view') on conflict (template_key, permission_key) do nothing;
insert into public.permission_template_items ("id", "template_key", "permission_key") values ('5da91db5-f23f-4245-a904-8a13a7ce8f8c', 'admin_general', 'legal_document_create') on conflict (template_key, permission_key) do nothing;
insert into public.permission_template_items ("id", "template_key", "permission_key") values ('23c1b7e0-f634-46b5-bb44-03bd99dc8048', 'admin_general', 'legal_document_approve') on conflict (template_key, permission_key) do nothing;
insert into public.permission_template_items ("id", "template_key", "permission_key") values ('09f01ea4-8366-45b0-843e-225a39c2cea3', 'admin_general', 'legal_filing_manage') on conflict (template_key, permission_key) do nothing;
insert into public.permission_template_items ("id", "template_key", "permission_key") values ('1d75cac5-3570-4e5b-bc5a-ce1ffd4eeb64', 'admin_general', 'asset_inquiry_execute') on conflict (template_key, permission_key) do nothing;
insert into public.permission_template_items ("id", "template_key", "permission_key") values ('e95e5307-1b98-4f45-9a66-f28b7cccf6f4', 'admin_general', 'notification_create') on conflict (template_key, permission_key) do nothing;
insert into public.permission_template_items ("id", "template_key", "permission_key") values ('df26ab1d-5267-405d-a0b1-453e666d9b56', 'admin_general', 'report_view') on conflict (template_key, permission_key) do nothing;
insert into public.permission_template_items ("id", "template_key", "permission_key") values ('63a15d90-284b-4cf3-9422-b28cdc5b3eac', 'admin_general', 'report_export') on conflict (template_key, permission_key) do nothing;
insert into public.permission_template_items ("id", "template_key", "permission_key") values ('3cd5250c-9bf7-4cf7-8771-b072cefea6e6', 'admin_general', 'case_board_export') on conflict (template_key, permission_key) do nothing;
insert into public.permission_template_items ("id", "template_key", "permission_key") values ('453f14ab-acf0-43ed-8af7-705223cfc133', 'admin_general', 'collection_compensation_view_self') on conflict (template_key, permission_key) do nothing;
insert into public.permission_template_items ("id", "template_key", "permission_key") values ('c3ac39c2-1111-40f2-93bc-9b33a856f9cb', 'admin_general', 'collection_compensation_view_team') on conflict (template_key, permission_key) do nothing;
insert into public.permission_template_items ("id", "template_key", "permission_key") values ('ca039605-a6c7-458e-9a99-895358746034', 'admin_general', 'collection_compensation_view_org') on conflict (template_key, permission_key) do nothing;
insert into public.permission_template_items ("id", "template_key", "permission_key") values ('ca75ee1e-78a7-4745-bf0c-9a13d538dde1', 'admin_general', 'collection_compensation_manage_plan') on conflict (template_key, permission_key) do nothing;
insert into public.permission_template_items ("id", "template_key", "permission_key") values ('fa591626-ec20-4621-b8c0-9c5611d1fe96', 'admin_general', 'collection_compensation_fix_plan') on conflict (template_key, permission_key) do nothing;
insert into public.permission_template_items ("id", "template_key", "permission_key") values ('32666144-1052-437a-9c5e-b2c4baa0b781', 'admin_general', 'collection_compensation_export') on conflict (template_key, permission_key) do nothing;
insert into public.permission_template_items ("id", "template_key", "permission_key") values ('80299607-e21c-4683-ac9b-ec36aba1554d', 'admin_general', 'settlement_view') on conflict (template_key, permission_key) do nothing;
insert into public.permission_template_items ("id", "template_key", "permission_key") values ('eab35884-906b-4ee0-894f-bc89b0ca9eda', 'admin_general', 'settlement_manage') on conflict (template_key, permission_key) do nothing;
insert into public.permission_template_items ("id", "template_key", "permission_key") values ('27056baa-2196-4d5b-a17b-c39f0be09f52', 'admin_general', 'settlement_export') on conflict (template_key, permission_key) do nothing;
insert into public.permission_template_items ("id", "template_key", "permission_key") values ('70675b09-8ea8-44a9-8d8f-b2db40b95be8', 'lawyer', 'case_create') on conflict (template_key, permission_key) do nothing;
insert into public.permission_template_items ("id", "template_key", "permission_key") values ('fdd3de1a-f657-4caa-b41e-93130695277c', 'lawyer', 'case_edit') on conflict (template_key, permission_key) do nothing;
insert into public.permission_template_items ("id", "template_key", "permission_key") values ('d0e34b6d-4af2-4d83-ade6-725a5728054c', 'lawyer', 'case_assign') on conflict (template_key, permission_key) do nothing;
insert into public.permission_template_items ("id", "template_key", "permission_key") values ('1de70352-1b34-4bff-9174-40eeec9f923f', 'lawyer', 'case_stage_manage') on conflict (template_key, permission_key) do nothing;
insert into public.permission_template_items ("id", "template_key", "permission_key") values ('de19c001-4ca6-4bf3-8348-74dc8775d268', 'lawyer', 'document_create') on conflict (template_key, permission_key) do nothing;
insert into public.permission_template_items ("id", "template_key", "permission_key") values ('2673b9d2-fa38-4ffb-93f0-f3cb2a751837', 'lawyer', 'document_edit') on conflict (template_key, permission_key) do nothing;
insert into public.permission_template_items ("id", "template_key", "permission_key") values ('e771ec82-a097-46a0-8f89-f26f4ab93482', 'lawyer', 'document_approve') on conflict (template_key, permission_key) do nothing;
insert into public.permission_template_items ("id", "template_key", "permission_key") values ('073bfeb4-07a8-4d00-a09f-51b772717081', 'lawyer', 'document_share') on conflict (template_key, permission_key) do nothing;
insert into public.permission_template_items ("id", "template_key", "permission_key") values ('797c2f4b-c173-4dc2-a901-7b7b58527c54', 'lawyer', 'document_export') on conflict (template_key, permission_key) do nothing;
insert into public.permission_template_items ("id", "template_key", "permission_key") values ('6e0df213-faae-4edd-a4f8-b72d2cceabb8', 'lawyer', 'request_create') on conflict (template_key, permission_key) do nothing;
insert into public.permission_template_items ("id", "template_key", "permission_key") values ('612f6473-781e-4d3b-a375-9576b73486c0', 'lawyer', 'request_manage') on conflict (template_key, permission_key) do nothing;
insert into public.permission_template_items ("id", "template_key", "permission_key") values ('9e040227-24bc-4d93-92db-ac38795758c5', 'lawyer', 'request_close') on conflict (template_key, permission_key) do nothing;
insert into public.permission_template_items ("id", "template_key", "permission_key") values ('d24eb86b-2c24-4f1b-a660-8b98654f7803', 'lawyer', 'schedule_create') on conflict (template_key, permission_key) do nothing;
insert into public.permission_template_items ("id", "template_key", "permission_key") values ('01908c93-1b93-4249-a0c8-67cfd845886b', 'lawyer', 'schedule_edit') on conflict (template_key, permission_key) do nothing;
insert into public.permission_template_items ("id", "template_key", "permission_key") values ('ec285d6f-fd50-4956-a1b0-c9ec060db341', 'lawyer', 'schedule_confirm') on conflict (template_key, permission_key) do nothing;
insert into public.permission_template_items ("id", "template_key", "permission_key") values ('f9a1358e-18b0-47c4-ada6-f002b2a82d0d', 'lawyer', 'calendar_export') on conflict (template_key, permission_key) do nothing;
insert into public.permission_template_items ("id", "template_key", "permission_key") values ('f9ed00c7-3827-4c3b-802d-e37332f4f355', 'lawyer', 'billing_view') on conflict (template_key, permission_key) do nothing;
insert into public.permission_template_items ("id", "template_key", "permission_key") values ('6e1d7896-a7a7-4280-9c3c-e6847d998a2c', 'lawyer', 'legal_request_create') on conflict (template_key, permission_key) do nothing;
insert into public.permission_template_items ("id", "template_key", "permission_key") values ('e69b855f-502a-4286-8d78-fb660c43a162', 'lawyer', 'legal_progress_view') on conflict (template_key, permission_key) do nothing;
insert into public.permission_template_items ("id", "template_key", "permission_key") values ('63eb4e74-4599-4590-9f7d-81d3eaa1f547', 'lawyer', 'legal_document_create') on conflict (template_key, permission_key) do nothing;
insert into public.permission_template_items ("id", "template_key", "permission_key") values ('24f75087-4bcc-494f-b281-2b105b17b6d5', 'lawyer', 'legal_document_approve') on conflict (template_key, permission_key) do nothing;
insert into public.permission_template_items ("id", "template_key", "permission_key") values ('6595ec29-50a8-427e-b577-e2c2b47eb174', 'lawyer', 'legal_filing_manage') on conflict (template_key, permission_key) do nothing;
insert into public.permission_template_items ("id", "template_key", "permission_key") values ('643fe0f6-5181-45af-b081-828da88155f2', 'lawyer', 'asset_inquiry_execute') on conflict (template_key, permission_key) do nothing;
insert into public.permission_template_items ("id", "template_key", "permission_key") values ('c4dd1452-7fd4-4b10-aa4d-9c686979d51c', 'lawyer', 'report_view') on conflict (template_key, permission_key) do nothing;
insert into public.permission_template_items ("id", "template_key", "permission_key") values ('e53d0e3d-17b8-4cd6-92c4-b56785d338a2', 'lawyer', 'case_board_export') on conflict (template_key, permission_key) do nothing;
insert into public.permission_template_items ("id", "template_key", "permission_key") values ('a9770c80-ab4f-4b73-901c-ce70d2543ea1', 'office_manager', 'case_create') on conflict (template_key, permission_key) do nothing;
insert into public.permission_template_items ("id", "template_key", "permission_key") values ('5b24e25d-5b00-4b76-a908-765cd5c65d12', 'office_manager', 'case_edit') on conflict (template_key, permission_key) do nothing;
insert into public.permission_template_items ("id", "template_key", "permission_key") values ('34ec1bf1-0665-4d3b-813e-0df2279363f1', 'office_manager', 'case_assign') on conflict (template_key, permission_key) do nothing;
insert into public.permission_template_items ("id", "template_key", "permission_key") values ('33340c46-23a0-4a2f-a602-bbe62d15d4f2', 'office_manager', 'document_create') on conflict (template_key, permission_key) do nothing;
insert into public.permission_template_items ("id", "template_key", "permission_key") values ('3d3cfcaf-a21a-417a-b114-50ae87aa64a8', 'office_manager', 'document_edit') on conflict (template_key, permission_key) do nothing;
insert into public.permission_template_items ("id", "template_key", "permission_key") values ('7d27b9dd-3808-4df4-9064-a23f7622bc3e', 'office_manager', 'document_share') on conflict (template_key, permission_key) do nothing;
insert into public.permission_template_items ("id", "template_key", "permission_key") values ('6951e5a0-a9fb-46ed-baa4-163647027c04', 'office_manager', 'document_export') on conflict (template_key, permission_key) do nothing;
insert into public.permission_template_items ("id", "template_key", "permission_key") values ('8c51038d-a623-496f-813e-8a22e0fbe09a', 'office_manager', 'request_create') on conflict (template_key, permission_key) do nothing;
insert into public.permission_template_items ("id", "template_key", "permission_key") values ('9054d1b8-3ce1-444c-aed0-84ef05262d85', 'office_manager', 'request_manage') on conflict (template_key, permission_key) do nothing;
insert into public.permission_template_items ("id", "template_key", "permission_key") values ('69122185-ee70-4e55-93cf-3a955caa05e8', 'office_manager', 'request_close') on conflict (template_key, permission_key) do nothing;
insert into public.permission_template_items ("id", "template_key", "permission_key") values ('8ff22357-904b-4ae9-8064-38c95b9fddf1', 'office_manager', 'schedule_create') on conflict (template_key, permission_key) do nothing;
insert into public.permission_template_items ("id", "template_key", "permission_key") values ('c831b5ff-bfff-4327-97c6-df61b02cc584', 'office_manager', 'schedule_edit') on conflict (template_key, permission_key) do nothing;
insert into public.permission_template_items ("id", "template_key", "permission_key") values ('3cb8ece4-fe5f-40db-9ca9-383d145acef6', 'office_manager', 'schedule_confirm') on conflict (template_key, permission_key) do nothing;
insert into public.permission_template_items ("id", "template_key", "permission_key") values ('c1a84846-6a1d-4d40-8180-3a78fad3bdb6', 'office_manager', 'calendar_export') on conflict (template_key, permission_key) do nothing;
insert into public.permission_template_items ("id", "template_key", "permission_key") values ('1f8b5e45-4cd2-4a92-9767-7301d22420cd', 'office_manager', 'billing_view') on conflict (template_key, permission_key) do nothing;
insert into public.permission_template_items ("id", "template_key", "permission_key") values ('87a91771-394f-4e9d-bfcc-0bd4f895e332', 'office_manager', 'billing_issue') on conflict (template_key, permission_key) do nothing;
insert into public.permission_template_items ("id", "template_key", "permission_key") values ('ff7fa683-c0d5-4897-a9f0-9bc6749a03fd', 'office_manager', 'billing_payment_confirm') on conflict (template_key, permission_key) do nothing;
insert into public.permission_template_items ("id", "template_key", "permission_key") values ('5a5eb642-5e26-4a30-8245-775a00940319', 'office_manager', 'billing_export') on conflict (template_key, permission_key) do nothing;
insert into public.permission_template_items ("id", "template_key", "permission_key") values ('afb8fc3d-6e23-4931-9818-431a68a45914', 'office_manager', 'notification_create') on conflict (template_key, permission_key) do nothing;
insert into public.permission_template_items ("id", "template_key", "permission_key") values ('4a084bd3-ffe4-40f4-adb8-b0cb382bd36f', 'office_manager', 'report_view') on conflict (template_key, permission_key) do nothing;
insert into public.permission_template_items ("id", "template_key", "permission_key") values ('c957d6e7-56b3-4514-80b0-c96acdc2987c', 'office_manager', 'case_board_export') on conflict (template_key, permission_key) do nothing;
insert into public.permission_template_items ("id", "template_key", "permission_key") values ('399f8516-25be-40b4-88a2-d2ce55b5fd13', 'collection_agent', 'case_edit') on conflict (template_key, permission_key) do nothing;
insert into public.permission_template_items ("id", "template_key", "permission_key") values ('056056d3-a866-4bbe-8ade-e4a1a0f53b92', 'collection_agent', 'request_create') on conflict (template_key, permission_key) do nothing;
insert into public.permission_template_items ("id", "template_key", "permission_key") values ('b6a21dd9-a1f9-4d84-849f-085154bb1135', 'collection_agent', 'request_manage') on conflict (template_key, permission_key) do nothing;
insert into public.permission_template_items ("id", "template_key", "permission_key") values ('870b8854-53b0-4c65-9566-e6300ef41086', 'collection_agent', 'request_close') on conflict (template_key, permission_key) do nothing;
insert into public.permission_template_items ("id", "template_key", "permission_key") values ('535ec279-2ee3-48fd-bcb2-d7f584ecbb17', 'collection_agent', 'schedule_create') on conflict (template_key, permission_key) do nothing;
insert into public.permission_template_items ("id", "template_key", "permission_key") values ('9940e75b-bb91-4201-8870-1ca74a0c15c1', 'collection_agent', 'schedule_edit') on conflict (template_key, permission_key) do nothing;
insert into public.permission_template_items ("id", "template_key", "permission_key") values ('21990e2b-0e41-4046-9220-407fd522719c', 'collection_agent', 'billing_view') on conflict (template_key, permission_key) do nothing;
insert into public.permission_template_items ("id", "template_key", "permission_key") values ('20e9b4a1-d0ec-48cc-b428-177075acc02e', 'collection_agent', 'collection_view') on conflict (template_key, permission_key) do nothing;
insert into public.permission_template_items ("id", "template_key", "permission_key") values ('f31788d1-7e4d-44bb-a4b2-685460f0d089', 'collection_agent', 'collection_contact_manage') on conflict (template_key, permission_key) do nothing;
insert into public.permission_template_items ("id", "template_key", "permission_key") values ('1eb46c87-e845-422e-9673-a63803850b62', 'collection_agent', 'collection_payment_plan_manage') on conflict (template_key, permission_key) do nothing;
insert into public.permission_template_items ("id", "template_key", "permission_key") values ('9f022ef2-8524-4eea-852e-8df925f00ffa', 'collection_agent', 'collection_payment_confirm') on conflict (template_key, permission_key) do nothing;
insert into public.permission_template_items ("id", "template_key", "permission_key") values ('88e0ce46-2452-4987-ae2e-e51cfa04730b', 'collection_agent', 'collection_metrics_view') on conflict (template_key, permission_key) do nothing;
insert into public.permission_template_items ("id", "template_key", "permission_key") values ('9bbfd471-77ad-404f-92c6-0c4b2cf8c67e', 'collection_agent', 'legal_request_create') on conflict (template_key, permission_key) do nothing;
insert into public.permission_template_items ("id", "template_key", "permission_key") values ('5f373038-9bf4-47ba-a2b5-4a531d455722', 'collection_agent', 'legal_progress_view') on conflict (template_key, permission_key) do nothing;
insert into public.permission_template_items ("id", "template_key", "permission_key") values ('75542cbd-6fea-4ab0-addf-cf7cc403aad1', 'collection_agent', 'collection_compensation_view_self') on conflict (template_key, permission_key) do nothing;
insert into public.permission_template_items ("id", "template_key", "permission_key") values ('0582b842-59f8-4db0-9fe6-c2aa9c7c5843', 'collection_agent', 'report_view') on conflict (template_key, permission_key) do nothing;
insert into public.permission_template_items ("id", "template_key", "permission_key") values ('1e9b13d5-99ef-4e20-a312-215696b3f18c', 'collection_agent', 'case_board_export') on conflict (template_key, permission_key) do nothing;
insert into public.permission_template_items ("id", "template_key", "permission_key") values ('cb358e51-b2a9-4267-8067-bc2a317ed46c', 'intern_readonly', 'billing_view') on conflict (template_key, permission_key) do nothing;
insert into public.permission_template_items ("id", "template_key", "permission_key") values ('3b201b31-c40c-4643-810a-cc346c32dcef', 'intern_readonly', 'collection_view') on conflict (template_key, permission_key) do nothing;
insert into public.permission_template_items ("id", "template_key", "permission_key") values ('9cb49b74-bd28-4e36-9240-5321aae81bb8', 'intern_readonly', 'collection_metrics_view') on conflict (template_key, permission_key) do nothing;
insert into public.permission_template_items ("id", "template_key", "permission_key") values ('3e72bb0c-62fe-41e2-8ecf-6a04e0a6fd20', 'intern_readonly', 'report_view') on conflict (template_key, permission_key) do nothing;
insert into public.permission_template_items ("id", "template_key", "permission_key") values ('ed641595-7269-4955-bf6c-520be168369a', 'admin_general', 'schedule_manage') on conflict (template_key, permission_key) do nothing;
insert into public.permission_template_items ("id", "template_key", "permission_key") values ('ae1d06ba-4358-4276-9575-fd63925abdba', 'admin_general', 'billing_manage') on conflict (template_key, permission_key) do nothing;
insert into public.permission_template_items ("id", "template_key", "permission_key") values ('3a201738-6adb-4f0c-b4ca-baa81cff84a4', 'admin_general', 'collection_manage') on conflict (template_key, permission_key) do nothing;
insert into public.permission_template_items ("id", "template_key", "permission_key") values ('e5ad6e5f-e9a3-43fd-9df2-34f442f3a96c', 'office_manager', 'schedule_manage') on conflict (template_key, permission_key) do nothing;
insert into public.permission_template_items ("id", "template_key", "permission_key") values ('79ead6e1-00dd-4e9b-a891-0fd7a777696b', 'office_manager', 'billing_manage') on conflict (template_key, permission_key) do nothing;

-- 4 row(s) for public.case_stage_templates
insert into public.case_stage_templates ("id", "case_type", "is_system", "display_name", "template_key", "organization_id") values ('5d03d877-f80f-4a7c-8616-413f4f94049a', null, true, '공통 기본', 'general-default', null) on conflict do nothing;
insert into public.case_stage_templates ("id", "case_type", "is_system", "display_name", "template_key", "organization_id") values ('9da63c27-8b09-4e50-b5f3-97611126955c', 'civil', true, '민사 기본', 'civil-default', null) on conflict do nothing;
insert into public.case_stage_templates ("id", "case_type", "is_system", "display_name", "template_key", "organization_id") values ('7be806f2-956a-4c38-bd1f-427368f51db7', 'debt_collection', true, '추심 기본', 'collection-default', null) on conflict do nothing;
insert into public.case_stage_templates ("id", "case_type", "is_system", "display_name", "template_key", "organization_id") values ('cf1f17a2-a707-4d44-8ef7-49ad2fc1b2da', 'criminal', true, '형사 기본', 'criminal-default', null) on conflict do nothing;

-- 19 row(s) for public.case_stage_template_steps
insert into public.case_stage_template_steps ("id", "step_key", "sequence_no", "template_id", "display_name") values ('4b112805-e98d-41f6-83d4-5462ed1154d2', 'intake', 1, '5d03d877-f80f-4a7c-8616-413f4f94049a', '접수') on conflict do nothing;
insert into public.case_stage_template_steps ("id", "step_key", "sequence_no", "template_id", "display_name") values ('db9c1f69-cde8-4c9d-af09-cc15bf47d33f', 'review', 2, '5d03d877-f80f-4a7c-8616-413f4f94049a', '검토') on conflict do nothing;
insert into public.case_stage_template_steps ("id", "step_key", "sequence_no", "template_id", "display_name") values ('124a887f-455b-40c6-97ea-533ae68cf92f', 'active', 3, '5d03d877-f80f-4a7c-8616-413f4f94049a', '진행') on conflict do nothing;
insert into public.case_stage_template_steps ("id", "step_key", "sequence_no", "template_id", "display_name") values ('25b4dbd6-eef0-4706-8643-3fda75ed40b1', 'closed', 4, '5d03d877-f80f-4a7c-8616-413f4f94049a', '종결') on conflict do nothing;
insert into public.case_stage_template_steps ("id", "step_key", "sequence_no", "template_id", "display_name") values ('00f828bc-0d5c-48b5-8f31-500e0c84f54f', 'intake', 1, '9da63c27-8b09-4e50-b5f3-97611126955c', '상담') on conflict do nothing;
insert into public.case_stage_template_steps ("id", "step_key", "sequence_no", "template_id", "display_name") values ('4ae1832d-5be9-4219-962e-74beb2705be0', 'preservation', 2, '9da63c27-8b09-4e50-b5f3-97611126955c', '보전처분') on conflict do nothing;
insert into public.case_stage_template_steps ("id", "step_key", "sequence_no", "template_id", "display_name") values ('9fc61468-9afa-4a81-859e-4e8661e72d88', 'merits', 3, '9da63c27-8b09-4e50-b5f3-97611126955c', '본안소송') on conflict do nothing;
insert into public.case_stage_template_steps ("id", "step_key", "sequence_no", "template_id", "display_name") values ('b5bdaa5b-833e-4452-b5eb-f105b77428f9', 'enforcement', 4, '9da63c27-8b09-4e50-b5f3-97611126955c', '강제집행') on conflict do nothing;
insert into public.case_stage_template_steps ("id", "step_key", "sequence_no", "template_id", "display_name") values ('c009fd9f-d864-455c-bf2b-e52003639860', 'closed', 5, '9da63c27-8b09-4e50-b5f3-97611126955c', '종결') on conflict do nothing;
insert into public.case_stage_template_steps ("id", "step_key", "sequence_no", "template_id", "display_name") values ('baa86203-7225-4fab-9270-de622ffd670e', 'intake', 1, '7be806f2-956a-4c38-bd1f-427368f51db7', '상담') on conflict do nothing;
insert into public.case_stage_template_steps ("id", "step_key", "sequence_no", "template_id", "display_name") values ('219c2b5b-464a-4517-9f92-d865e3728a74', 'preservation', 2, '7be806f2-956a-4c38-bd1f-427368f51db7', '보전처분') on conflict do nothing;
insert into public.case_stage_template_steps ("id", "step_key", "sequence_no", "template_id", "display_name") values ('1a6f3e96-39af-4736-ba70-0eff1b13b881', 'merits', 3, '7be806f2-956a-4c38-bd1f-427368f51db7', '본안소송') on conflict do nothing;
insert into public.case_stage_template_steps ("id", "step_key", "sequence_no", "template_id", "display_name") values ('5eb5ea35-fe67-4d60-8fa8-f745d8db3b2d', 'enforcement', 4, '7be806f2-956a-4c38-bd1f-427368f51db7', '강제집행') on conflict do nothing;
insert into public.case_stage_template_steps ("id", "step_key", "sequence_no", "template_id", "display_name") values ('3ee3afd9-f795-41c9-b401-183afd0b69c1', 'recovery', 5, '7be806f2-956a-4c38-bd1f-427368f51db7', '회수') on conflict do nothing;
insert into public.case_stage_template_steps ("id", "step_key", "sequence_no", "template_id", "display_name") values ('7dbb3e86-3cf3-4e43-9b06-0a7c5e56f9b7', 'closed', 6, '7be806f2-956a-4c38-bd1f-427368f51db7', '종결') on conflict do nothing;
insert into public.case_stage_template_steps ("id", "step_key", "sequence_no", "template_id", "display_name") values ('f261918e-0252-4247-8882-d242913c1532', 'intake', 1, 'cf1f17a2-a707-4d44-8ef7-49ad2fc1b2da', '상담') on conflict do nothing;
insert into public.case_stage_template_steps ("id", "step_key", "sequence_no", "template_id", "display_name") values ('1a1a264d-5cae-4dea-b761-d662c56dd339', 'investigation', 2, 'cf1f17a2-a707-4d44-8ef7-49ad2fc1b2da', '수사') on conflict do nothing;
insert into public.case_stage_template_steps ("id", "step_key", "sequence_no", "template_id", "display_name") values ('dd46c714-3fbe-4fea-a02d-1bba60d3877a', 'trial', 3, 'cf1f17a2-a707-4d44-8ef7-49ad2fc1b2da', '공판') on conflict do nothing;
insert into public.case_stage_template_steps ("id", "step_key", "sequence_no", "template_id", "display_name") values ('b7b8422c-a309-4258-98a5-12113662d688', 'closed', 4, 'cf1f17a2-a707-4d44-8ef7-49ad2fc1b2da', '종결') on conflict do nothing;

-- 2 row(s) for storage.buckets
insert into storage.buckets ("id", "name", "type", "owner", "public", "owner_id", "file_size_limit", "allowed_mime_types", "avif_autodetection") values ('case-files', 'case-files', 'STANDARD', null, false, null, null, null, false) on conflict (id) do nothing;
insert into storage.buckets ("id", "name", "type", "owner", "public", "owner_id", "file_size_limit", "allowed_mime_types", "avif_autodetection") values ('organization-signup-documents', 'organization-signup-documents', 'STANDARD', null, false, null, null, null, false) on conflict (id) do nothing;

